Suite/Test/Step Name,Browser,Description,Start time,End time,Duration,Status
Basic,Chrome 62.0.3202.89,,2017-11-13 11:21:58,2017-11-13 11:33:01,11m - 3.022s,FAILED
,,,,,,
Test Cases/1. Start Page (without login)/Single Verbatim without login,Chrome 62.0.3202.89,,2017-11-13 11:21:59,2017-11-13 11:22:50,51.523s,PASSED
openBrowser,Chrome 62.0.3202.89,,2017-11-13 11:21:59,2017-11-13 11:22:03,3.870s,PASSED
maximizeWindow,Chrome 62.0.3202.89,,2017-11-13 11:22:03,2017-11-13 11:22:04,1.296s,PASSED
navigateToUrl,Chrome 62.0.3202.89,,2017-11-13 11:22:04,2017-11-13 11:22:08,3.369s,PASSED
click,Chrome 62.0.3202.89,\u0E01\u0E14\u0E1B\u0E38\u0E48\u0E21 Predict,2017-11-13 11:22:08,2017-11-13 11:22:08,0.335s,PASSED
verifyElementPresent,Chrome 62.0.3202.89,\u0E22\u0E37\u0E19\u0E22\u0E31\u0E19\u0E02\u0E49\u0E2D\u0E04\u0E27\u0E32\u0E21\u0E41\u0E08\u0E49\u0E07\u0E40\u0E15\u0E37\u0E2D\u0E19 Verbatim is not null,2017-11-13 11:22:08,2017-11-13 11:22:08,0.145s,PASSED
setText,Chrome 62.0.3202.89,\u0E01\u0E23\u0E2D\u0E01\u0E02\u0E49\u0E2D\u0E04\u0E27\u0E32\u0E21 predict,2017-11-13 11:22:08,2017-11-13 11:22:09,0.431s,PASSED
click,Chrome 62.0.3202.89,\u0E01\u0E14\u0E1B\u0E38\u0E48\u0E21 Predict,2017-11-13 11:22:09,2017-11-13 11:22:09,0.100s,PASSED
verifyElementPresent,Chrome 62.0.3202.89,\u0E15\u0E23\u0E27\u0E08\u0E2A\u0E2D\u0E1A\u0E1C\u0E25\u0E25\u0E31\u0E1E\u0E18\u0E4C Predict ,2017-11-13 11:22:09,2017-11-13 11:22:29,20.031s,PASSED
verifyElementPresent,Chrome 62.0.3202.89,\u0E15\u0E23\u0E27\u0E08\u0E2A\u0E2D\u0E1A\u0E1C\u0E25\u0E25\u0E31\u0E1E\u0E18\u0E4C Predict ,2017-11-13 11:22:29,2017-11-13 11:22:29,0.099s,PASSED
setText,Chrome 62.0.3202.89,\u0E01\u0E23\u0E2D\u0E01\u0E02\u0E49\u0E2D\u0E04\u0E27\u0E32\u0E21 predict \u0E17\u0E35\u0E48\u0E40\u0E1B\u0E47\u0E19\u0E04\u0E33\u0E2B\u0E22\u0E32\u0E1A,2017-11-13 11:22:29,2017-11-13 11:22:30,0.699s,PASSED
click,Chrome 62.0.3202.89,\u0E01\u0E14\u0E1B\u0E38\u0E48\u0E21 Predict,2017-11-13 11:22:30,2017-11-13 11:22:30,0.472s,PASSED
verifyElementPresent,Chrome 62.0.3202.89,\u0E15\u0E23\u0E27\u0E08\u0E2A\u0E2D\u0E1A\u0E1C\u0E25\u0E25\u0E31\u0E1E\u0E18\u0E4C Predict ,2017-11-13 11:22:30,2017-11-13 11:22:50,19.937s,PASSED
verifyElementPresent,Chrome 62.0.3202.89,\u0E15\u0E23\u0E27\u0E08\u0E2A\u0E2D\u0E1A\u0E1C\u0E25\u0E25\u0E31\u0E1E\u0E18\u0E4C critical,2017-11-13 11:22:50,2017-11-13 11:22:50,0.057s,PASSED
closeBrowser,Chrome 62.0.3202.89,,2017-11-13 11:22:50,2017-11-13 11:22:50,0.002s,NOT_RUN
,,,,,,
Test Cases/2. Login/Sign Up,Chrome 62.0.3202.89,,2017-11-13 11:22:50,2017-11-13 11:22:55,5.135s,FAILED
openBrowser,Chrome 62.0.3202.89,\u0E40\u0E1B\u0E34\u0E14\u0E40\u0E1A\u0E23\u0E32\u0E40\u0E0B\u0E2D\u0E23\u0E4C,2017-11-13 11:22:51,2017-11-13 11:22:51,0.002s,NOT_RUN
maximizeWindow,Chrome 62.0.3202.89,\u0E02\u0E22\u0E32\u0E22\u0E2B\u0E19\u0E49\u0E32\u0E15\u0E48\u0E32\u0E07\u0E40\u0E1A\u0E23\u0E32\u0E40\u0E0B\u0E2D\u0E23\u0E4C,2017-11-13 11:22:51,2017-11-13 11:22:51,0.015s,NOT_RUN
navigateToUrl,Chrome 62.0.3202.89,\u0E40\u0E02\u0E49\u0E32\u0E2A\u0E39\u0E48 URL,2017-11-13 11:22:51,2017-11-13 11:22:51,0.000s,NOT_RUN
click,Chrome 62.0.3202.89,\u0E04\u0E25\u0E34\u0E01\u0E1B\u0E38\u0E48\u0E21 Login,2017-11-13 11:22:51,2017-11-13 11:22:51,0.218s,PASSED
scrollToElement,Chrome 62.0.3202.89,\u0E40\u0E25\u0E37\u0E48\u0E2D\u0E19\u0E2B\u0E19\u0E49\u0E32\u0E15\u0E48\u0E32\u0E07\u0E21\u0E32\u0E22\u0E31\u0E07\u0E1B\u0E38\u0E48\u0E21 Sign Up,2017-11-13 11:22:51,2017-11-13 11:22:51,0.115s,PASSED
click,Chrome 62.0.3202.89,\u0E04\u0E25\u0E34\u0E01\u0E1B\u0E38\u0E48\u0E21 Sign Up,2017-11-13 11:22:51,2017-11-13 11:22:51,0.252s,PASSED
Statement - date = new java.util.Date(),Chrome 62.0.3202.89,\u0E40\u0E01\u0E47\u0E1A\u0E40\u0E27\u0E25\u0E32\u0E1B\u0E31\u0E08\u0E38\u0E1A\u0E31\u0E19\u0E02\u0E2D\u0E07\u0E40\u0E04\u0E23\u0E37\u0E48\u0E2D\u0E07,2017-11-13 11:22:51,2017-11-13 11:22:51,0.006s,PASSED
Statement - df = new java.text.SimpleDateFormat(),Chrome 62.0.3202.89,\u0E40\u0E01\u0E47\u0E1A\u0E40\u0E27\u0E25\u0E32\u0E1B\u0E31\u0E08\u0E38\u0E1A\u0E31\u0E19\u0E02\u0E2D\u0E07\u0E40\u0E04\u0E23\u0E37\u0E48\u0E2D\u0E07,2017-11-13 11:22:51,2017-11-13 11:22:51,0.011s,PASSED
"Statement - df.applyPattern(""ddmmyyyyHHmmss"")",Chrome 62.0.3202.89,\u0E40\u0E01\u0E47\u0E1A\u0E40\u0E27\u0E25\u0E32\u0E1B\u0E31\u0E08\u0E38\u0E1A\u0E31\u0E19\u0E02\u0E2D\u0E07\u0E40\u0E04\u0E23\u0E37\u0E48\u0E2D\u0E07,2017-11-13 11:22:51,2017-11-13 11:22:51,0.003s,PASSED
setText,Chrome 62.0.3202.89,\u0E01\u0E23\u0E2D\u0E01 Username,2017-11-13 11:22:51,2017-11-13 11:22:52,0.242s,PASSED
setText,Chrome 62.0.3202.89,\u0E01\u0E23\u0E2D\u0E01\u0E23\u0E2B\u0E31\u0E2A\u0E1C\u0E48\u0E32\u0E19,2017-11-13 11:22:52,2017-11-13 11:22:52,0.192s,PASSED
setText,Chrome 62.0.3202.89,\u0E01\u0E23\u0E2D\u0E01\u0E22\u0E37\u0E19\u0E22\u0E31\u0E19\u0E23\u0E2B\u0E31\u0E2A\u0E1C\u0E48\u0E32\u0E19,2017-11-13 11:22:52,2017-11-13 11:22:52,0.210s,PASSED
setText,Chrome 62.0.3202.89,\u0E01\u0E23\u0E2D\u0E01\u0E0A\u0E37\u0E48\u0E2D,2017-11-13 11:22:52,2017-11-13 11:22:52,0.217s,PASSED
setText,Chrome 62.0.3202.89,\u0E01\u0E23\u0E2D\u0E01\u0E19\u0E32\u0E21\u0E2A\u0E01\u0E38\u0E25,2017-11-13 11:22:52,2017-11-13 11:22:53,0.308s,PASSED
setText,Chrome 62.0.3202.89,\u0E01\u0E23\u0E2D\u0E01\u0E2D\u0E35\u0E40\u0E21\u0E25,2017-11-13 11:22:53,2017-11-13 11:22:53,0.523s,PASSED
selectOptionByValue,Chrome 62.0.3202.89,\u0E40\u0E25\u0E37\u0E2D\u0E01\u0E04\u0E33\u0E16\u0E32\u0E21,2017-11-13 11:22:53,2017-11-13 11:22:54,0.826s,PASSED
setText,Chrome 62.0.3202.89,\u0E01\u0E23\u0E2D\u0E01\u0E04\u0E33\u0E15\u0E2D\u0E1A,2017-11-13 11:22:54,2017-11-13 11:22:54,0.403s,PASSED
verifyElementNotClickable,Chrome 62.0.3202.89,\u0E22\u0E37\u0E19\u0E22\u0E31\u0E19\u0E1B\u0E38\u0E48\u0E21 Sign Up \u0E44\u0E21\u0E48\u0E2A\u0E32\u0E21\u0E32\u0E23\u0E16\u0E04\u0E25\u0E34\u0E01\u0E44\u0E14\u0E49,2017-11-13 11:22:54,2017-11-13 11:22:55,0.560s,FAILED
uploadFile,Chrome 62.0.3202.89,\u0E40\u0E25\u0E37\u0E2D\u0E01\u0E23\u0E39\u0E1B\u0E20\u0E32\u0E1E\u0E08\u0E32\u0E01\u0E40\u0E04\u0E23\u0E37\u0E48\u0E2D\u0E07,2017-11-13 11:22:55,2017-11-13 11:22:55,0.382s,FAILED
,,,,,,
Test Cases/2. Login/Login,Chrome 62.0.3202.89,,2017-11-13 11:22:55,2017-11-13 11:23:27,31.499s,FAILED
openBrowser,Chrome 62.0.3202.89,\u0E40\u0E1B\u0E34\u0E14\u0E40\u0E1A\u0E23\u0E32\u0E40\u0E0B\u0E2D\u0E23\u0E4C,2017-11-13 11:22:56,2017-11-13 11:22:56,0.002s,NOT_RUN
maximizeWindow,Chrome 62.0.3202.89,\u0E02\u0E22\u0E32\u0E22\u0E2B\u0E19\u0E49\u0E32\u0E15\u0E48\u0E32\u0E07\u0E40\u0E1A\u0E23\u0E32\u0E40\u0E0B\u0E2D\u0E23\u0E4C,2017-11-13 11:22:56,2017-11-13 11:22:56,0.001s,NOT_RUN
navigateToUrl,Chrome 62.0.3202.89,\u0E40\u0E02\u0E49\u0E32\u0E2A\u0E39\u0E48 URL,2017-11-13 11:22:56,2017-11-13 11:22:56,0.000s,NOT_RUN
click,Chrome 62.0.3202.89,\u0E01\u0E14\u0E1B\u0E38\u0E48\u0E21 login,2017-11-13 11:22:56,2017-11-13 11:23:27,31.225s,FAILED
,,,,,,
Test Cases/3. Menu Text Prediction/Single Verbatim with login,Chrome 62.0.3202.89,,2017-11-13 11:23:27,2017-11-13 11:26:57,3m - 29.711s,FAILED
openBrowser,Chrome 62.0.3202.89,,2017-11-13 11:23:27,2017-11-13 11:23:27,0.001s,NOT_RUN
maximizeWindow,Chrome 62.0.3202.89,,2017-11-13 11:23:27,2017-11-13 11:23:27,0.017s,NOT_RUN
navigateToUrl,Chrome 62.0.3202.89,,2017-11-13 11:23:27,2017-11-13 11:23:27,0.001s,NOT_RUN
click,Chrome 62.0.3202.89,,2017-11-13 11:23:27,2017-11-13 11:23:27,0.001s,NOT_RUN
setText,Chrome 62.0.3202.89,,2017-11-13 11:23:27,2017-11-13 11:23:27,0.001s,NOT_RUN
setText,Chrome 62.0.3202.89,login,2017-11-13 11:23:27,2017-11-13 11:23:27,0.000s,NOT_RUN
click,Chrome 62.0.3202.89,,2017-11-13 11:23:27,2017-11-13 11:23:27,0.000s,NOT_RUN
click,Chrome 62.0.3202.89,\u0E01\u0E14\u0E1B\u0E38\u0E48\u0E21 Predict,2017-11-13 11:23:27,2017-11-13 11:23:58,31.113s,FAILED
verifyElementPresent,Chrome 62.0.3202.89,\u0E22\u0E37\u0E19\u0E22\u0E31\u0E19\u0E02\u0E49\u0E2D\u0E04\u0E27\u0E32\u0E21\u0E41\u0E08\u0E49\u0E07\u0E40\u0E15\u0E37\u0E2D\u0E19 Verbatim is not null,2017-11-13 11:23:58,2017-11-13 11:24:01,2.355s,FAILED
setText,Chrome 62.0.3202.89,\u0E01\u0E23\u0E2D\u0E01\u0E02\u0E49\u0E2D\u0E04\u0E27\u0E32\u0E21 Predict,2017-11-13 11:24:01,2017-11-13 11:24:32,31.116s,FAILED
click,Chrome 62.0.3202.89,\u0E01\u0E14\u0E1B\u0E38\u0E48\u0E21 Predict,2017-11-13 11:24:32,2017-11-13 11:25:03,30.823s,FAILED
verifyElementPresent,Chrome 62.0.3202.89,\u0E15\u0E23\u0E27\u0E08\u0E2A\u0E2D\u0E1A\u0E1C\u0E25\u0E25\u0E31\u0E1E\u0E18\u0E4C Predict \u0E1A\u0E23\u0E23\u0E17\u0E31\u0E14\u0E17\u0E35\u0E48 1,2017-11-13 11:25:03,2017-11-13 11:25:23,20.795s,FAILED
verifyElementPresent,Chrome 62.0.3202.89,\u0E15\u0E23\u0E27\u0E08\u0E2A\u0E2D\u0E1A\u0E1C\u0E25\u0E25\u0E31\u0E1E\u0E18\u0E4C Predict \u0E1A\u0E23\u0E23\u0E17\u0E31\u0E14\u0E17\u0E35\u0E48 2,2017-11-13 11:25:23,2017-11-13 11:25:44,20.775s,FAILED
setText,Chrome 62.0.3202.89,\u0E01\u0E23\u0E2D\u0E01\u0E02\u0E49\u0E2D\u0E04\u0E27\u0E32\u0E21 Predict,2017-11-13 11:25:44,2017-11-13 11:26:15,30.966s,FAILED
click,Chrome 62.0.3202.89,\u0E01\u0E14\u0E1B\u0E38\u0E48\u0E21 predict,2017-11-13 11:26:15,2017-11-13 11:26:15,0.147s,PASSED
verifyElementPresent,Chrome 62.0.3202.89,\u0E15\u0E23\u0E27\u0E08\u0E2A\u0E2D\u0E1A\u0E1C\u0E25\u0E25\u0E31\u0E1E\u0E18\u0E4C Predict \u0E1A\u0E23\u0E23\u0E17\u0E31\u0E14\u0E17\u0E35\u0E48 2,2017-11-13 11:26:15,2017-11-13 11:26:36,20.685s,FAILED
verifyElementPresent,Chrome 62.0.3202.89,\u0E15\u0E23\u0E27\u0E08\u0E2A\u0E2D\u0E1A\u0E1C\u0E25\u0E25\u0E31\u0E1E\u0E18\u0E4C critical,2017-11-13 11:26:36,2017-11-13 11:26:57,20.724s,FAILED
closeBrowser,Chrome 62.0.3202.89,,2017-11-13 11:26:57,2017-11-13 11:26:57,0.001s,NOT_RUN
,,,,,,
Test Cases/3. Menu Text Prediction/Upload File without labelling,Chrome 62.0.3202.89,,2017-11-13 11:26:57,2017-11-13 11:27:28,31.258s,FAILED
openBrowser,Chrome 62.0.3202.89,\u0E40\u0E1B\u0E34\u0E14\u0E40\u0E1A\u0E23\u0E32\u0E40\u0E0B\u0E2D\u0E23\u0E4C,2017-11-13 11:26:57,2017-11-13 11:26:57,0.000s,NOT_RUN
maximizeWindow,Chrome 62.0.3202.89,\u0E02\u0E22\u0E32\u0E22\u0E2B\u0E19\u0E49\u0E32\u0E15\u0E48\u0E32\u0E07\u0E40\u0E1A\u0E23\u0E32\u0E40\u0E0B\u0E2D\u0E23\u0E4C,2017-11-13 11:26:57,2017-11-13 11:26:57,0.000s,NOT_RUN
navigateToUrl,Chrome 62.0.3202.89,\u0E40\u0E02\u0E49\u0E32\u0E2A\u0E39\u0E48 URL,2017-11-13 11:26:57,2017-11-13 11:26:57,0.000s,NOT_RUN
click,Chrome 62.0.3202.89,\u0E01\u0E14\u0E1B\u0E38\u0E48\u0E21 Login,2017-11-13 11:26:57,2017-11-13 11:26:57,0.000s,NOT_RUN
setText,Chrome 62.0.3202.89,\u0E01\u0E23\u0E2D\u0E01 Username,2017-11-13 11:26:57,2017-11-13 11:26:57,0.000s,NOT_RUN
setText,Chrome 62.0.3202.89,\u0E01\u0E23\u0E2D\u0E01\u0E23\u0E2B\u0E31\u0E2A\u0E1C\u0E48\u0E32\u0E19,2017-11-13 11:26:57,2017-11-13 11:26:57,0.000s,NOT_RUN
click,Chrome 62.0.3202.89,\u0E01\u0E14\u0E1B\u0E38\u0E48\u0E21 Login,2017-11-13 11:26:57,2017-11-13 11:26:57,0.016s,NOT_RUN
click,Chrome 62.0.3202.89,\u0E04\u0E25\u0E34\u0E01\u0E40\u0E21\u0E19\u0E39 Text Prediction,2017-11-13 11:26:57,2017-11-13 11:27:28,30.946s,FAILED
,,,,,,
Test Cases/3. Menu Text Prediction/Upload File with labelling,Chrome 62.0.3202.89,,2017-11-13 11:27:28,2017-11-13 11:27:59,31.146s,FAILED
openBrowser,Chrome 62.0.3202.89,\u0E40\u0E1B\u0E34\u0E14\u0E40\u0E1A\u0E23\u0E32\u0E40\u0E0B\u0E2D\u0E23\u0E4C,2017-11-13 11:27:28,2017-11-13 11:27:28,0.001s,NOT_RUN
maximizeWindow,Chrome 62.0.3202.89,\u0E02\u0E22\u0E32\u0E22\u0E2B\u0E19\u0E49\u0E32\u0E15\u0E48\u0E32\u0E07\u0E40\u0E1A\u0E23\u0E32\u0E40\u0E0B\u0E2D\u0E23\u0E4C,2017-11-13 11:27:28,2017-11-13 11:27:28,0.001s,NOT_RUN
navigateToUrl,Chrome 62.0.3202.89,\u0E40\u0E02\u0E49\u0E32\u0E2A\u0E39\u0E48 URL,2017-11-13 11:27:28,2017-11-13 11:27:28,0.000s,NOT_RUN
click,Chrome 62.0.3202.89,\u0E01\u0E14\u0E1B\u0E38\u0E48\u0E21 Login,2017-11-13 11:27:28,2017-11-13 11:27:28,0.000s,NOT_RUN
setText,Chrome 62.0.3202.89,\u0E01\u0E23\u0E2D\u0E01 Username,2017-11-13 11:27:28,2017-11-13 11:27:28,0.002s,NOT_RUN
setText,Chrome 62.0.3202.89,\u0E01\u0E23\u0E2D\u0E01\u0E23\u0E2B\u0E31\u0E2A\u0E1C\u0E48\u0E32\u0E19,2017-11-13 11:27:28,2017-11-13 11:27:28,0.000s,NOT_RUN
click,Chrome 62.0.3202.89,\u0E01\u0E14\u0E1B\u0E38\u0E48\u0E21 Login,2017-11-13 11:27:28,2017-11-13 11:27:28,0.007s,NOT_RUN
click,Chrome 62.0.3202.89,\u0E04\u0E25\u0E34\u0E01\u0E40\u0E21\u0E19\u0E39 Text Prediction,2017-11-13 11:27:28,2017-11-13 11:27:59,30.870s,FAILED
,,,,,,
Test Cases/3. Menu Text Prediction/Multiple Verbatim Predicted Result (Predicted in detail),Chrome 62.0.3202.89,,2017-11-13 11:27:59,2017-11-13 11:28:38,38.735s,FAILED
openBrowser,Chrome 62.0.3202.89,\u0E40\u0E1B\u0E34\u0E14\u0E40\u0E1A\u0E23\u0E32\u0E40\u0E0B\u0E2D\u0E23\u0E4C,2017-11-13 11:28:00,2017-11-13 11:28:00,0.001s,NOT_RUN
maximizeWindow,Chrome 62.0.3202.89,\u0E02\u0E22\u0E32\u0E22\u0E2B\u0E19\u0E49\u0E32\u0E15\u0E48\u0E32\u0E07\u0E40\u0E1A\u0E23\u0E32\u0E40\u0E0B\u0E2D\u0E23\u0E4C,2017-11-13 11:28:00,2017-11-13 11:28:00,0.000s,NOT_RUN
navigateToUrl,Chrome 62.0.3202.89,\u0E40\u0E02\u0E49\u0E32\u0E2A\u0E39\u0E48 URL,2017-11-13 11:28:00,2017-11-13 11:28:00,0.000s,NOT_RUN
click,Chrome 62.0.3202.89,\u0E01\u0E14\u0E1B\u0E38\u0E48\u0E21 Login,2017-11-13 11:28:00,2017-11-13 11:28:00,0.000s,NOT_RUN
setText,Chrome 62.0.3202.89,\u0E01\u0E23\u0E2D\u0E01 Username,2017-11-13 11:28:00,2017-11-13 11:28:00,0.000s,NOT_RUN
setText,Chrome 62.0.3202.89,\u0E01\u0E23\u0E2D\u0E01\u0E23\u0E2B\u0E31\u0E2A\u0E1C\u0E48\u0E32\u0E19,2017-11-13 11:28:00,2017-11-13 11:28:00,0.000s,NOT_RUN
click,Chrome 62.0.3202.89,\u0E01\u0E14\u0E1B\u0E38\u0E48\u0E21 Login,2017-11-13 11:28:00,2017-11-13 11:28:00,0.000s,NOT_RUN
click,Chrome 62.0.3202.89,\u0E04\u0E25\u0E34\u0E01\u0E40\u0E21\u0E19\u0E39 Text Prediction,2017-11-13 11:28:00,2017-11-13 11:28:00,0.002s,NOT_RUN
click,Chrome 62.0.3202.89,\u0E40\u0E25\u0E37\u0E2D\u0E01 Upload file,2017-11-13 11:28:00,2017-11-13 11:28:00,0.001s,NOT_RUN
uploadFile,Chrome 62.0.3202.89,\u0E40\u0E25\u0E37\u0E2D\u0E01\u0E44\u0E1F\u0E25\u0E4C Excel,2017-11-13 11:28:00,2017-11-13 11:28:00,0.000s,NOT_RUN
click,Chrome 62.0.3202.89,\u0E01\u0E14\u0E1B\u0E38\u0E48\u0E21 Upload,2017-11-13 11:28:00,2017-11-13 11:28:00,0.000s,NOT_RUN
waitForElementNotPresent,Chrome 62.0.3202.89,\u0E23\u0E2D\u0E43\u0E2B\u0E49\u0E41\u0E16\u0E1A\u0E14\u0E33\u0E40\u0E19\u0E34\u0E19\u0E01\u0E32\u0E23\u0E2B\u0E32\u0E22\u0E44\u0E1B,2017-11-13 11:28:00,2017-11-13 11:28:00,0.000s,NOT_RUN
click,Chrome 62.0.3202.89,\u0E01\u0E14\u0E1B\u0E38\u0E48\u0E21\u0E1B\u0E34\u0E14\u0E01\u0E32\u0E23\u0E41\u0E08\u0E49\u0E07\u0E40\u0E15\u0E37\u0E2D\u0E19\u0E01\u0E23\u0E13\u0E35 API \u0E1C\u0E34\u0E14\u0E1E\u0E25\u0E32\u0E14,2017-11-13 11:28:00,2017-11-13 11:28:00,0.001s,NOT_RUN
selectOptionByIndex,Chrome 62.0.3202.89,\u0E40\u0E25\u0E37\u0E2D\u0E01\u0E1B\u0E23\u0E30\u0E40\u0E20\u0E17 Sheet,2017-11-13 11:28:00,2017-11-13 11:28:00,0.001s,NOT_RUN
waitForElementPresent,Chrome 62.0.3202.89,\u0E23\u0E2D\u0E43\u0E2B\u0E49\u0E01\u0E32\u0E23\u0E41\u0E08\u0E49\u0E07\u0E40\u0E15\u0E37\u0E2D\u0E19\u0E1B\u0E23\u0E32\u0E01\u0E0E\u0E02\u0E36\u0E49\u0E19\u0E21\u0E32,2017-11-13 11:28:00,2017-11-13 11:28:00,0.001s,NOT_RUN
verifyElementPresent,Chrome 62.0.3202.89,\u0E15\u0E23\u0E27\u0E08\u0E2A\u0E2D\u0E1A\u0E01\u0E32\u0E23\u0E41\u0E08\u0E49\u0E07\u0E40\u0E15\u0E37\u0E2D\u0E19 Your file is verified,2017-11-13 11:28:00,2017-11-13 11:28:00,0.001s,NOT_RUN
click,Chrome 62.0.3202.89,\u0E01\u0E14\u0E1B\u0E38\u0E48\u0E21\u0E1B\u0E34\u0E14\u0E01\u0E32\u0E23\u0E41\u0E08\u0E49\u0E07\u0E40\u0E15\u0E37\u0E2D\u0E19,2017-11-13 11:28:00,2017-11-13 11:28:00,0.002s,NOT_RUN
waitForElementNotPresent,Chrome 62.0.3202.89,\u0E23\u0E2D\u0E43\u0E2B\u0E49\u0E01\u0E32\u0E23\u0E41\u0E08\u0E49\u0E07\u0E40\u0E15\u0E37\u0E2D\u0E19\u0E2B\u0E32\u0E22\u0E44\u0E1B,2017-11-13 11:28:00,2017-11-13 11:28:00,0.000s,NOT_RUN
waitForElementPresent,Chrome 62.0.3202.89,\u0E21\u0E35\u0E2A\u0E31\u0E0D\u0E25\u0E31\u0E01\u0E29\u0E13\u0E4C\u0E40\u0E04\u0E23\u0E37\u0E48\u0E2D\u0E07\u0E2B\u0E21\u0E32\u0E22\u0E16\u0E39\u0E01\u0E15\u0E49\u0E2D\u0E07\u0E2A\u0E35\u0E40\u0E02\u0E35\u0E22\u0E27,2017-11-13 11:28:00,2017-11-13 11:28:00,0.000s,NOT_RUN
scrollToElement,Chrome 62.0.3202.89,\u0E40\u0E25\u0E37\u0E2D\u0E01\u0E2B\u0E19\u0E49\u0E32\u0E15\u0E48\u0E32\u0E07\u0E21\u0E32\u0E22\u0E31\u0E07\u0E1B\u0E38\u0E48\u0E21 Start,2017-11-13 11:28:00,2017-11-13 11:28:00,0.000s,NOT_RUN
click,Chrome 62.0.3202.89,\u0E01\u0E14\u0E1B\u0E38\u0E48\u0E21 Start,2017-11-13 11:28:00,2017-11-13 11:28:00,0.000s,NOT_RUN
waitForElementNotPresent,Chrome 62.0.3202.89,\u0E23\u0E2D\u0E08\u0E19\u0E01\u0E27\u0E48\u0E32\u0E01\u0E32\u0E23\u0E42\u0E2B\u0E25\u0E14\u0E40\u0E2A\u0E23\u0E47\u0E08\u0E2A\u0E34\u0E49\u0E19,2017-11-13 11:28:00,2017-11-13 11:28:00,0.000s,NOT_RUN
waitForElementPresent,Chrome 62.0.3202.89,\u0E23\u0E2D Select All \u0E1B\u0E23\u0E32\u0E01\u0E0E,2017-11-13 11:28:00,2017-11-13 11:28:07,7.366s,PASSED
click,Chrome 62.0.3202.89,Un-Check  Select all,2017-11-13 11:28:07,2017-11-13 11:28:38,30.992s,FAILED
,,,,,,
Test Cases/4. Menu User Management/Search user list,Chrome 62.0.3202.89,,2017-11-13 11:28:38,2017-11-13 11:30:14,1m - 35.959s,FAILED
openBrowser,Chrome 62.0.3202.89,\u0E40\u0E1B\u0E34\u0E14\u0E40\u0E1A\u0E23\u0E32\u0E40\u0E0B\u0E2D\u0E23\u0E4C,2017-11-13 11:28:38,2017-11-13 11:28:38,0.001s,NOT_RUN
maximizeWindow,Chrome 62.0.3202.89,\u0E02\u0E22\u0E32\u0E22\u0E2B\u0E19\u0E49\u0E32\u0E15\u0E48\u0E32\u0E07 \u0E40\u0E1A\u0E23\u0E32\u0E40\u0E0B\u0E2D\u0E23\u0E4C,2017-11-13 11:28:38,2017-11-13 11:28:38,0.000s,NOT_RUN
navigateToUrl,Chrome 62.0.3202.89,\u0E40\u0E02\u0E49\u0E32\u0E2A\u0E39\u0E48 URL,2017-11-13 11:28:38,2017-11-13 11:28:38,0.000s,NOT_RUN
click,Chrome 62.0.3202.89,login,2017-11-13 11:28:38,2017-11-13 11:28:38,0.000s,NOT_RUN
setText,Chrome 62.0.3202.89,login,2017-11-13 11:28:38,2017-11-13 11:28:38,0.000s,NOT_RUN
setText,Chrome 62.0.3202.89,login,2017-11-13 11:28:38,2017-11-13 11:28:38,0.000s,NOT_RUN
submit,Chrome 62.0.3202.89,login,2017-11-13 11:28:38,2017-11-13 11:28:38,0.000s,NOT_RUN
click,Chrome 62.0.3202.89,\u0E04\u0E25\u0E34\u0E01\u0E40\u0E21\u0E19\u0E39 UserManagement,2017-11-13 11:28:38,2017-11-13 11:29:09,31.104s,FAILED
setText,Chrome 62.0.3202.89,\u0E01\u0E23\u0E2D\u0E01\u0E02\u0E49\u0E2D\u0E04\u0E27\u0E32\u0E21\u0E43\u0E19\u0E0A\u0E48\u0E2D\u0E07 Search,2017-11-13 11:29:09,2017-11-13 11:29:41,31.250s,FAILED
verifyElementNotPresent,Chrome 62.0.3202.89,\u0E15\u0E23\u0E27\u0E08\u0E2A\u0E2D\u0E1A\u0E44\u0E21\u0E48\u0E21\u0E35\u0E23\u0E32\u0E22\u0E01\u0E32\u0E23\u0E41\u0E2A\u0E14\u0E07\u0E1C\u0E25,2017-11-13 11:29:41,2017-11-13 11:29:41,0.072s,PASSED
setText,Chrome 62.0.3202.89,\u0E01\u0E23\u0E2D\u0E01\u0E02\u0E49\u0E2D\u0E04\u0E27\u0E32\u0E21\u0E43\u0E19\u0E0A\u0E48\u0E2D\u0E07 Search,2017-11-13 11:29:41,2017-11-13 11:30:12,30.998s,FAILED
verifyElementPresent,Chrome 62.0.3202.89,\u0E15\u0E23\u0E27\u0E08\u0E2A\u0E2D\u0E1A\u0E21\u0E35\u0E0A\u0E37\u0E48\u0E2D\u0E2D\u0E22\u0E39\u0E48\u0E43\u0E19\u0E23\u0E30\u0E1A\u0E1A,2017-11-13 11:30:12,2017-11-13 11:30:14,2.373s,FAILED
closeBrowser,Chrome 62.0.3202.89,\u0E1B\u0E34\u0E14\u0E40\u0E1A\u0E23\u0E32\u0E40\u0E0B\u0E2D\u0E23\u0E4C,2017-11-13 11:30:14,2017-11-13 11:30:14,0.001s,NOT_RUN
,,,,,,
Test Cases/4. Menu User Management/Change role and status,Chrome 62.0.3202.89,,2017-11-13 11:30:14,2017-11-13 11:30:45,31.310s,FAILED
openBrowser,Chrome 62.0.3202.89,\u0E40\u0E1B\u0E34\u0E14\u0E40\u0E1A\u0E23\u0E32\u0E40\u0E0B\u0E2D\u0E23\u0E4C,2017-11-13 11:30:14,2017-11-13 11:30:14,0.000s,NOT_RUN
maximizeWindow,Chrome 62.0.3202.89,\u0E02\u0E22\u0E32\u0E22\u0E2B\u0E19\u0E49\u0E32\u0E15\u0E48\u0E32\u0E07 \u0E40\u0E1A\u0E23\u0E32\u0E40\u0E0B\u0E2D\u0E23\u0E4C,2017-11-13 11:30:14,2017-11-13 11:30:14,0.000s,NOT_RUN
navigateToUrl,Chrome 62.0.3202.89,\u0E40\u0E02\u0E49\u0E32\u0E2A\u0E39\u0E48 URL,2017-11-13 11:30:14,2017-11-13 11:30:14,0.000s,NOT_RUN
click,Chrome 62.0.3202.89,login,2017-11-13 11:30:14,2017-11-13 11:30:14,0.000s,NOT_RUN
setText,Chrome 62.0.3202.89,login,2017-11-13 11:30:14,2017-11-13 11:30:14,0.000s,NOT_RUN
setText,Chrome 62.0.3202.89,login,2017-11-13 11:30:14,2017-11-13 11:30:14,0.016s,NOT_RUN
submit,Chrome 62.0.3202.89,login,2017-11-13 11:30:14,2017-11-13 11:30:14,0.000s,NOT_RUN
click,Chrome 62.0.3202.89,\u0E04\u0E25\u0E34\u0E1B\u0E40\u0E21\u0E19\u0E39 User Management,2017-11-13 11:30:14,2017-11-13 11:30:45,31.029s,FAILED
,,,,,,
Test Cases/4. Menu User Management/Edit profile management,Chrome 62.0.3202.89,,2017-11-13 11:30:45,2017-11-13 11:31:17,31.080s,FAILED
Statement - date = new java.util.Date(),Chrome 62.0.3202.89,\u0E40\u0E01\u0E47\u0E1A\u0E40\u0E27\u0E25\u0E32\u0E1B\u0E31\u0E08\u0E38\u0E1A\u0E31\u0E19\u0E02\u0E2D\u0E07\u0E40\u0E04\u0E23\u0E37\u0E48\u0E2D\u0E07,2017-11-13 11:30:46,2017-11-13 11:30:46,0.000s,PASSED
Statement - df = new java.text.SimpleDateFormat(),Chrome 62.0.3202.89,\u0E40\u0E01\u0E47\u0E1A\u0E40\u0E27\u0E25\u0E32\u0E1B\u0E31\u0E08\u0E38\u0E1A\u0E31\u0E19\u0E02\u0E2D\u0E07\u0E40\u0E04\u0E23\u0E37\u0E48\u0E2D\u0E07,2017-11-13 11:30:46,2017-11-13 11:30:46,0.000s,PASSED
"Statement - df.applyPattern(""ddmmyyyyHHmmss"")",Chrome 62.0.3202.89,\u0E40\u0E01\u0E47\u0E1A\u0E40\u0E27\u0E25\u0E32\u0E1B\u0E31\u0E08\u0E38\u0E1A\u0E31\u0E19\u0E02\u0E2D\u0E07\u0E40\u0E04\u0E23\u0E37\u0E48\u0E2D\u0E07,2017-11-13 11:30:46,2017-11-13 11:30:46,0.000s,PASSED
openBrowser,Chrome 62.0.3202.89,,2017-11-13 11:30:46,2017-11-13 11:30:46,0.000s,NOT_RUN
maximizeWindow,Chrome 62.0.3202.89,,2017-11-13 11:30:46,2017-11-13 11:30:46,0.016s,NOT_RUN
navigateToUrl,Chrome 62.0.3202.89,,2017-11-13 11:30:46,2017-11-13 11:30:46,0.000s,NOT_RUN
click,Chrome 62.0.3202.89,login,2017-11-13 11:30:46,2017-11-13 11:30:46,0.000s,NOT_RUN
setText,Chrome 62.0.3202.89,login,2017-11-13 11:30:46,2017-11-13 11:30:46,0.000s,NOT_RUN
setText,Chrome 62.0.3202.89,login,2017-11-13 11:30:46,2017-11-13 11:30:46,0.000s,NOT_RUN
submit,Chrome 62.0.3202.89,login,2017-11-13 11:30:46,2017-11-13 11:30:46,0.000s,NOT_RUN
click,Chrome 62.0.3202.89,Click menu User Management,2017-11-13 11:30:46,2017-11-13 11:31:17,30.896s,FAILED
,,,,,,
Test Cases/4. Menu User Management/Reset and Change password,Chrome 62.0.3202.89,,2017-11-13 11:31:17,2017-11-13 11:31:48,31.239s,FAILED
openBrowser,Chrome 62.0.3202.89,\u0E40\u0E1B\u0E34\u0E14\u0E40\u0E1A\u0E23\u0E32\u0E40\u0E0B\u0E2D\u0E23\u0E4C,2017-11-13 11:31:17,2017-11-13 11:31:17,0.000s,NOT_RUN
maximizeWindow,Chrome 62.0.3202.89,\u0E02\u0E22\u0E32\u0E22\u0E2B\u0E19\u0E49\u0E32\u0E15\u0E48\u0E32\u0E07\u0E40\u0E1A\u0E23\u0E32\u0E40\u0E0B\u0E2D\u0E23\u0E4C,2017-11-13 11:31:17,2017-11-13 11:31:17,0.000s,NOT_RUN
navigateToUrl,Chrome 62.0.3202.89,\u0E40\u0E02\u0E49\u0E32\u0E2A\u0E39\u0E48 URL,2017-11-13 11:31:17,2017-11-13 11:31:17,0.000s,NOT_RUN
click,Chrome 62.0.3202.89,Login,2017-11-13 11:31:17,2017-11-13 11:31:17,0.051s,NOT_RUN
setText,Chrome 62.0.3202.89,Login,2017-11-13 11:31:17,2017-11-13 11:31:17,0.001s,NOT_RUN
setText,Chrome 62.0.3202.89,Login,2017-11-13 11:31:17,2017-11-13 11:31:17,0.000s,NOT_RUN
submit,Chrome 62.0.3202.89,Login,2017-11-13 11:31:17,2017-11-13 11:31:17,0.000s,NOT_RUN
click,Chrome 62.0.3202.89,\u0E40\u0E25\u0E37\u0E2D\u0E01\u0E40\u0E21\u0E19\u0E39 User management,2017-11-13 11:31:17,2017-11-13 11:31:48,30.952s,FAILED
,,,,,,
Test Cases/4. Menu User Management/Edit user profile,Chrome 62.0.3202.89,,2017-11-13 11:31:48,2017-11-13 11:32:19,31.243s,FAILED
Statement - date = new java.util.Date(),Chrome 62.0.3202.89,\u0E40\u0E01\u0E47\u0E1A\u0E40\u0E27\u0E25\u0E32\u0E1B\u0E31\u0E08\u0E38\u0E1A\u0E31\u0E19\u0E02\u0E2D\u0E07\u0E40\u0E04\u0E23\u0E37\u0E48\u0E2D\u0E07,2017-11-13 11:31:48,2017-11-13 11:31:48,0.000s,PASSED
Statement - df = new java.text.SimpleDateFormat(),Chrome 62.0.3202.89,\u0E40\u0E01\u0E47\u0E1A\u0E40\u0E27\u0E25\u0E32\u0E1B\u0E31\u0E08\u0E38\u0E1A\u0E31\u0E19\u0E02\u0E2D\u0E07\u0E40\u0E04\u0E23\u0E37\u0E48\u0E2D\u0E07,2017-11-13 11:31:48,2017-11-13 11:31:48,0.000s,PASSED
"Statement - df.applyPattern(""ddmmyyyyHHmmss"")",Chrome 62.0.3202.89,\u0E40\u0E01\u0E47\u0E1A\u0E40\u0E27\u0E25\u0E32\u0E1B\u0E31\u0E08\u0E38\u0E1A\u0E31\u0E19\u0E02\u0E2D\u0E07\u0E40\u0E04\u0E23\u0E37\u0E48\u0E2D\u0E07,2017-11-13 11:31:48,2017-11-13 11:31:48,0.000s,PASSED
openBrowser,Chrome 62.0.3202.89,\u0E40\uFFFD?\u0E34\u0E14\u0E40\uFFFD?\u0E23\u0E32\u0E40\uFFFD?\u0E2D\u0E23\uFFFD?,2017-11-13 11:31:48,2017-11-13 11:31:48,0.002s,NOT_RUN
maximizeWindow,Chrome 62.0.3202.89,\uFFFD?\u0E22\u0E32\u0E22\u0E2B\uFFFD?\uFFFD?\u0E32\u0E15\uFFFD?\u0E32\uFFFD? \u0E40\uFFFD?\u0E23\u0E32\u0E40\uFFFD?\u0E2D\u0E23\uFFFD?,2017-11-13 11:31:48,2017-11-13 11:31:48,0.000s,NOT_RUN
navigateToUrl,Chrome 62.0.3202.89,\u0E40\uFFFD?\uFFFD?\u0E32\u0E2A\u0E39\uFFFD? URL,2017-11-13 11:31:48,2017-11-13 11:31:48,0.000s,NOT_RUN
click,Chrome 62.0.3202.89,login,2017-11-13 11:31:48,2017-11-13 11:31:48,0.000s,NOT_RUN
setText,Chrome 62.0.3202.89,login,2017-11-13 11:31:48,2017-11-13 11:31:48,0.000s,NOT_RUN
setText,Chrome 62.0.3202.89,login,2017-11-13 11:31:48,2017-11-13 11:31:48,0.000s,NOT_RUN
submit,Chrome 62.0.3202.89,login,2017-11-13 11:31:48,2017-11-13 11:31:48,0.015s,NOT_RUN
click,Chrome 62.0.3202.89,click profile picture,2017-11-13 11:31:48,2017-11-13 11:32:19,30.992s,FAILED
,,,,,,
Test Cases/5. History Log/Search history log,Chrome 62.0.3202.89,,2017-11-13 11:32:19,2017-11-13 11:33:00,41.135s,FAILED
openBrowser,Chrome 62.0.3202.89,,2017-11-13 11:32:20,2017-11-13 11:32:23,3.266s,PASSED
maximizeWindow,Chrome 62.0.3202.89,,2017-11-13 11:32:23,2017-11-13 11:32:24,1.125s,PASSED
navigateToUrl,Chrome 62.0.3202.89,,2017-11-13 11:32:24,2017-11-13 11:32:27,3.311s,PASSED
click,Chrome 62.0.3202.89,,2017-11-13 11:32:27,2017-11-13 11:32:28,0.259s,PASSED
setText,Chrome 62.0.3202.89,,2017-11-13 11:32:28,2017-11-13 11:32:28,0.223s,PASSED
setText,Chrome 62.0.3202.89,,2017-11-13 11:32:28,2017-11-13 11:32:28,0.200s,PASSED
submit,Chrome 62.0.3202.89,\u001F-\u0E2A\u0E34\uFFFD?\uFFFD?\u0E2A\u0E38\u0E14\uFFFD?\u0E32\u0E23\u0E17\u0E14\u0E2A\u0E2D\uFFFD? login\r\n,2017-11-13 11:32:28,2017-11-13 11:32:28,0.079s,PASSED
click,Chrome 62.0.3202.89,click log buttom,2017-11-13 11:32:28,2017-11-13 11:32:29,0.799s,PASSED
mouseOver,Chrome 62.0.3202.89,Show preview ----> Cursor mouse at sigle file ,2017-11-13 11:32:29,2017-11-13 11:33:00,31.429s,FAILED
